old_name,new_name
hBP01-072_C_02.png,hBP09-hBP01-072-C.png
hBP01-072_HR.png,hBP09-hBP01-072-HR.png
hBP01-088_C_02.png,hBP09-hBP01-088-C.png
hBP01-088_HR.png,hBP09-hBP01-088-HR.png
hBP02-014_C_02.png,hBP09-hBP02-014-C.png
hBP02-024_C_02.png,hBP09-hBP02-024-C.png
hBP02-024_HR.png,hBP09-hBP02-024-HR.png
hBP02-065_C_02.png,hBP09-hBP02-065-C.png
hBP03-051_C_02.png,hBP09-hBP03-051-C.png
hBP03-051_HR.png,hBP09-hBP03-051-HR.png
hBP04-039_C_02.png,hBP09-hBP04-039-C.png
hBP04-043_C_02.png,hBP09-hBP04-043-C.png
hBP04-067_C_02.png,hBP09-hBP04-067-C.png
hBP04-079_C_02.png,hBP09-hBP04-079-C.png
hBP04-079_HR.png,hBP09-hBP04-079-HR.png
hBP04-106_U.png,hBP09-hBP04-106-U.png
hBP05-075_C.png,hBP09-hBP05-075-C.png
hBP09-001_OSR.png,hBP09-hBP09-001-OSR.png
hBP09-001_OUR.png,hBP09-hBP09-001-OUR.png
hBP09-002_OSR.png,hBP09-hBP09-002-OSR.png
hBP09-002_OUR.png,hBP09-hBP09-002-OUR.png
hBP09-002_SEC.png,hBP09-hBP09-002-SEC.png
hBP09-003_OSR.png,hBP09-hBP09-003-OSR.png
hBP09-003_OUR.png,hBP09-hBP09-003-OUR.png
hBP09-003_SEC.png,hBP09-hBP09-003-SEC.png
hBP09-004_OSR.png,hBP09-hBP09-004-OSR.png
hBP09-004_OUR.png,hBP09-hBP09-004-OUR.png
hBP09-004_SEC.png,hBP09-hBP09-004-SEC.png
hBP09-005_OSR.png,hBP09-hBP09-005-OSR.png
hBP09-005_OUR.png,hBP09-hBP09-005-OUR.png
hBP09-006_OSR.png,hBP09-hBP09-006-OSR.png
hBP09-006_OUR.png,hBP09-hBP09-006-OUR.png
hBP09-006_SEC.png,hBP09-hBP09-006-SEC.png
hBP09-007_OSR.png,hBP09-hBP09-007-OSR.png
hBP09-007_OUR.png,hBP09-hBP09-007-OUR.png
hBP09-008_C.png,hBP09-hBP09-008-C.png
hBP09-008_S.png,hBP09-hBP09-008-S.png
hBP09-009_U.png,hBP09-hBP09-009-U.png
hBP09-010_C.png,hBP09-hBP09-010-C.png
hBP09-010_S.png,hBP09-hBP09-010-S.png
hBP09-011_C.png,hBP09-hBP09-011-C.png
hBP09-011_S.png,hBP09-hBP09-011-S.png
hBP09-012_R.png,hBP09-hBP09-012-R.png
hBP09-012_SR.png,hBP09-hBP09-012-SR.png
hBP09-013_S.png,hBP09-hBP09-013-S.png
hBP09-013_U.png,hBP09-hBP09-013-U.png
hBP09-014_RR.png,hBP09-hBP09-014-RR.png
hBP09-014_SR.png,hBP09-hBP09-014-SR.png
hBP09-014_UR.png,hBP09-hBP09-014-UR.png
hBP09-015_C.png,hBP09-hBP09-015-C.png
hBP09-015_S.png,hBP09-hBP09-015-S.png
hBP09-016_U.png,hBP09-hBP09-016-U.png
hBP09-017_C.png,hBP09-hBP09-017-C.png
hBP09-017_S.png,hBP09-hBP09-017-S.png
hBP09-018_C.png,hBP09-hBP09-018-C.png
hBP09-018_S.png,hBP09-hBP09-018-S.png
hBP09-019_R.png,hBP09-hBP09-019-R.png
hBP09-019_SR.png,hBP09-hBP09-019-SR.png
hBP09-020_S.png,hBP09-hBP09-020-S.png
hBP09-020_U.png,hBP09-hBP09-020-U.png
hBP09-021_RR.png,hBP09-hBP09-021-RR.png
hBP09-021_SR.png,hBP09-hBP09-021-SR.png
hBP09-021_UR.png,hBP09-hBP09-021-UR.png
hBP09-022_R.png,hBP09-hBP09-022-R.png
hBP09-022_SR.png,hBP09-hBP09-022-SR.png
hBP09-023_R.png,hBP09-hBP09-023-R.png
hBP09-023_SR.png,hBP09-hBP09-023-SR.png
hBP09-024_R.png,hBP09-hBP09-024-R.png
hBP09-024_SR.png,hBP09-hBP09-024-SR.png
hBP09-025_C.png,hBP09-hBP09-025-C.png
hBP09-025_S.png,hBP09-hBP09-025-S.png
hBP09-026_U.png,hBP09-hBP09-026-U.png
hBP09-027_C.png,hBP09-hBP09-027-C.png
hBP09-027_S.png,hBP09-hBP09-027-S.png
hBP09-028_C.png,hBP09-hBP09-028-C.png
hBP09-028_S.png,hBP09-hBP09-028-S.png
hBP09-029_R.png,hBP09-hBP09-029-R.png
hBP09-029_SR.png,hBP09-hBP09-029-SR.png
hBP09-030_S.png,hBP09-hBP09-030-S.png
hBP09-030_U.png,hBP09-hBP09-030-U.png
hBP09-031_RR.png,hBP09-hBP09-031-RR.png
hBP09-031_SR.png,hBP09-hBP09-031-SR.png
hBP09-031_UR.png,hBP09-hBP09-031-UR.png
hBP09-032_C.png,hBP09-hBP09-032-C.png
hBP09-032_S.png,hBP09-hBP09-032-S.png
hBP09-033_S.png,hBP09-hBP09-033-S.png
hBP09-033_U.png,hBP09-hBP09-033-U.png
hBP09-034_R.png,hBP09-hBP09-034-R.png
hBP09-034_SR.png,hBP09-hBP09-034-SR.png
hBP09-035_RR.png,hBP09-hBP09-035-RR.png
hBP09-035_SR.png,hBP09-hBP09-035-SR.png
hBP09-035_UR.png,hBP09-hBP09-035-UR.png
hBP09-036_R.png,hBP09-hBP09-036-R.png
hBP09-036_SR.png,hBP09-hBP09-036-SR.png
hBP09-037_R.png,hBP09-hBP09-037-R.png
hBP09-037_SR.png,hBP09-hBP09-037-SR.png
hBP09-038_C.png,hBP09-hBP09-038-C.png
hBP09-038_S.png,hBP09-hBP09-038-S.png
hBP09-039_U.png,hBP09-hBP09-039-U.png
hBP09-040_C.png,hBP09-hBP09-040-C.png
hBP09-040_S.png,hBP09-hBP09-040-S.png
hBP09-041_C.png,hBP09-hBP09-041-C.png
hBP09-041_S.png,hBP09-hBP09-041-S.png
hBP09-042_R.png,hBP09-hBP09-042-R.png
hBP09-042_SR.png,hBP09-hBP09-042-SR.png
hBP09-043_S.png,hBP09-hBP09-043-S.png
hBP09-043_U.png,hBP09-hBP09-043-U.png
hBP09-044_RR.png,hBP09-hBP09-044-RR.png
hBP09-044_SR.png,hBP09-hBP09-044-SR.png
hBP09-044_UR.png,hBP09-hBP09-044-UR.png
hBP09-045_R.png,hBP09-hBP09-045-R.png
hBP09-045_SR.png,hBP09-hBP09-045-SR.png
hBP09-046_S.png,hBP09-hBP09-046-S.png
hBP09-046_U.png,hBP09-hBP09-046-U.png
hBP09-047_C.png,hBP09-hBP09-047-C.png
hBP09-047_S.png,hBP09-hBP09-047-S.png
hBP09-048_S.png,hBP09-hBP09-048-S.png
hBP09-048_U.png,hBP09-hBP09-048-U.png
hBP09-049_R.png,hBP09-hBP09-049-R.png
hBP09-049_SR.png,hBP09-hBP09-049-SR.png
hBP09-050_RR.png,hBP09-hBP09-050-RR.png
hBP09-050_SR.png,hBP09-hBP09-050-SR.png
hBP09-050_UR.png,hBP09-hBP09-050-UR.png
hBP09-051_C.png,hBP09-hBP09-051-C.png
hBP09-051_S.png,hBP09-hBP09-051-S.png
hBP09-052_U.png,hBP09-hBP09-052-U.png
hBP09-053_C.png,hBP09-hBP09-053-C.png
hBP09-053_S.png,hBP09-hBP09-053-S.png
hBP09-054_C.png,hBP09-hBP09-054-C.png
hBP09-054_S.png,hBP09-hBP09-054-S.png
hBP09-055_R.png,hBP09-hBP09-055-R.png
hBP09-055_SR.png,hBP09-hBP09-055-SR.png
hBP09-056_S.png,hBP09-hBP09-056-S.png
hBP09-056_U.png,hBP09-hBP09-056-U.png
hBP09-057_RR.png,hBP09-hBP09-057-RR.png
hBP09-057_SR.png,hBP09-hBP09-057-SR.png
hBP09-057_UR.png,hBP09-hBP09-057-UR.png
hBP09-058_R.png,hBP09-hBP09-058-R.png
hBP09-058_SR.png,hBP09-hBP09-058-SR.png
hBP09-059_C.png,hBP09-hBP09-059-C.png
hBP09-059_S.png,hBP09-hBP09-059-S.png
hBP09-060_S.png,hBP09-hBP09-060-S.png
hBP09-060_U.png,hBP09-hBP09-060-U.png
hBP09-061_R.png,hBP09-hBP09-061-R.png
hBP09-061_SR.png,hBP09-hBP09-061-SR.png
hBP09-062_RR.png,hBP09-hBP09-062-RR.png
hBP09-062_SR.png,hBP09-hBP09-062-SR.png
hBP09-062_UR.png,hBP09-hBP09-062-UR.png
hBP09-063_R.png,hBP09-hBP09-063-R.png
hBP09-063_SR.png,hBP09-hBP09-063-SR.png
hBP09-064_C.png,hBP09-hBP09-064-C.png
hBP09-064_S.png,hBP09-hBP09-064-S.png
hBP09-065_U.png,hBP09-hBP09-065-U.png
hBP09-066_C.png,hBP09-hBP09-066-C.png
hBP09-066_S.png,hBP09-hBP09-066-S.png
hBP09-067_C.png,hBP09-hBP09-067-C.png
hBP09-067_S.png,hBP09-hBP09-067-S.png
hBP09-068_R.png,hBP09-hBP09-068-R.png
hBP09-068_SR.png,hBP09-hBP09-068-SR.png
hBP09-069_S.png,hBP09-hBP09-069-S.png
hBP09-069_U.png,hBP09-hBP09-069-U.png
hBP09-070_RR.png,hBP09-hBP09-070-RR.png
hBP09-070_SR.png,hBP09-hBP09-070-SR.png
hBP09-070_UR.png,hBP09-hBP09-070-UR.png
hBP09-071_R.png,hBP09-hBP09-071-R.png
hBP09-071_SR.png,hBP09-hBP09-071-SR.png
hBP09-072_R.png,hBP09-hBP09-072-R.png
hBP09-072_SR.png,hBP09-hBP09-072-SR.png
hBP09-073_C.png,hBP09-hBP09-073-C.png
hBP09-073_S.png,hBP09-hBP09-073-S.png
hBP09-074_S.png,hBP09-hBP09-074-S.png
hBP09-074_U.png,hBP09-hBP09-074-U.png
hBP09-075_R.png,hBP09-hBP09-075-R.png
hBP09-075_SR.png,hBP09-hBP09-075-SR.png
hBP09-076_RR.png,hBP09-hBP09-076-RR.png
hBP09-076_SR.png,hBP09-hBP09-076-SR.png
hBP09-076_UR.png,hBP09-hBP09-076-UR.png
hBP09-077_C.png,hBP09-hBP09-077-C.png
hBP09-077_S.png,hBP09-hBP09-077-S.png
hBP09-078_U.png,hBP09-hBP09-078-U.png
hBP09-079_C.png,hBP09-hBP09-079-C.png
hBP09-079_S.png,hBP09-hBP09-079-S.png
hBP09-080_C.png,hBP09-hBP09-080-C.png
hBP09-080_S.png,hBP09-hBP09-080-S.png
hBP09-081_R.png,hBP09-hBP09-081-R.png
hBP09-081_SR.png,hBP09-hBP09-081-SR.png
hBP09-082_S.png,hBP09-hBP09-082-S.png
hBP09-082_U.png,hBP09-hBP09-082-U.png
hBP09-083_RR.png,hBP09-hBP09-083-RR.png
hBP09-083_SR.png,hBP09-hBP09-083-SR.png
hBP09-083_UR.png,hBP09-hBP09-083-UR.png
hBP09-084_C.png,hBP09-hBP09-084-C.png
hBP09-084_S.png,hBP09-hBP09-084-S.png
hBP09-085_S.png,hBP09-hBP09-085-S.png
hBP09-085_U.png,hBP09-hBP09-085-U.png
hBP09-086_R.png,hBP09-hBP09-086-R.png
hBP09-086_SR.png,hBP09-hBP09-086-SR.png
hBP09-087_RR.png,hBP09-hBP09-087-RR.png
hBP09-087_SR.png,hBP09-hBP09-087-SR.png
hBP09-087_UR.png,hBP09-hBP09-087-UR.png
hBP09-088_R.png,hBP09-hBP09-088-R.png
hBP09-088_SR.png,hBP09-hBP09-088-SR.png
hBP09-089_R.png,hBP09-hBP09-089-R.png
hBP09-089_SR.png,hBP09-hBP09-089-SR.png
hBP09-090_C.png,hBP09-hBP09-090-C.png
hBP09-090_S.png,hBP09-hBP09-090-S.png
hBP09-091_S.png,hBP09-hBP09-091-S.png
hBP09-091_U.png,hBP09-hBP09-091-U.png
hBP09-092_C.png,hBP09-hBP09-092-C.png
hBP09-092_S.png,hBP09-hBP09-092-S.png
hBP09-093_C.png,hBP09-hBP09-093-C.png
hBP09-093_S.png,hBP09-hBP09-093-S.png
hBP09-094_U.png,hBP09-hBP09-094-U.png
hBP09-095_C.png,hBP09-hBP09-095-C.png
hBP09-095_S.png,hBP09-hBP09-095-S.png
hBP09-096_S.png,hBP09-hBP09-096-S.png
hBP09-096_U.png,hBP09-hBP09-096-U.png
hBP09-097_S.png,hBP09-hBP09-097-S.png
hBP09-097_U.png,hBP09-hBP09-097-U.png
hBP09-098_C.png,hBP09-hBP09-098-C.png
hBP09-098_S.png,hBP09-hBP09-098-S.png
hBP09-099_C.png,hBP09-hBP09-099-C.png
hBP09-099_S.png,hBP09-hBP09-099-S.png
hBP09-100_S.png,hBP09-hBP09-100-S.png
hBP09-100_U.png,hBP09-hBP09-100-U.png
hBP09-101_S.png,hBP09-hBP09-101-S.png
hBP09-101_U.png,hBP09-hBP09-101-U.png
hBP09-102_C.png,hBP09-hBP09-102-C.png
hBP09-102_S.png,hBP09-hBP09-102-S.png
hBP09-103_C.png,hBP09-hBP09-103-C.png
hBP09-103_S.png,hBP09-hBP09-103-S.png
hBP09-104_C.png,hBP09-hBP09-104-C.png
hBP09-104_S.png,hBP09-hBP09-104-S.png
hBP09-105_SR.png,hBP09-hBP09-105-SR.png
hBP09-105_U.png,hBP09-hBP09-105-U.png
hBP09-106_C.png,hBP09-hBP09-106-C.png
hBP09-106_S.png,hBP09-hBP09-106-S.png
hBP09-107_S.png,hBP09-hBP09-107-S.png
hBP09-107_U.png,hBP09-hBP09-107-U.png
hBP09-108_C.png,hBP09-hBP09-108-C.png
hBP09-108_S.png,hBP09-hBP09-108-S.png
hBP09-109_S.png,hBP09-hBP09-109-S.png
hBP09-109_U.png,hBP09-hBP09-109-U.png
hBP09-110_U.png,hBP09-hBP09-110-U.png
hBP09-111_C.png,hBP09-hBP09-111-C.png
hBP09-111_S.png,hBP09-hBP09-111-S.png
hSD05-002_C_02.png,hBP09-hSD05-002-C.png
hSD05-002_HR.png,hBP09-hSD05-002-HR.png
hSD10-007_C_02.png,hBP09-hSD10-007-C.png
hY01-015_SY.png,hBP09-hY01-015-SY.png
hY02-013_SY.png,hBP09-hY02-013-SY.png
hY03-017_SY.png,hBP09-hY03-017-SY.png
hY04-014_SY.png,hBP09-hY04-014-SY.png
hY05-012_SY.png,hBP09-hY05-012-SY.png
hY06-012_SY.png,hBP09-hY06-012-SY.png
