card_id,set_code,name_jp,name_en,card_number,rarity,is_foil,is_signed,is_reprint,price_usd,archetype,members,image_variant
,Birthday,パヴォリア・レイネ,Pavolia Reine,hBD24-001,P,,0,0,,,Pavolia Reine,
,Birthday,,,hBD24-002,P,,0,0,,,,
,Birthday,戌神ころね,Inugami Korone,hBD24-003,P,,0,0,,,Inugami Korone,
,Birthday,,,hBD24-004,P,,0,0,,,,
,Birthday,姫森ルーナ,Himemori Luna,hBD24-005,P,,0,0,,,Himemori Luna,
,Birthday,クレイジー・オリー,Kureiji Ollie,hBD24-006,P,,0,0,,,Kureiji Ollie,
,Birthday,ジジ・ムリン,Gigi Murin,hBD24-007,P,,0,0,,,Gigi Murin,
,Birthday,ベスティア・ゼータ,Vestia Zeta,hBD24-008,P,,0,0,,,Vestia Zeta,
,Birthday,セシリア・イマーグリーン,Cecilia Immergreen,hBD24-009,P,,0,0,,,Cecilia Immergreen,
,Birthday,雪花ラミィ,Yukihana Lamy,hBD24-010,P,,0,0,,,Yukihana Lamy,
,Birthday,ネリッサ・レイヴンクロフト,Nerissa Ravencroft,hBD24-011,P,,0,0,,,Nerissa Ravencroft,
,Birthday,白銀ノエル,Shirogane Noel,hBD24-012,P,,0,0,,,Shirogane Noel,
,Birthday,紫咲シオン,Murasaki Shion,hBD24-013,P,,0,0,,,Murasaki Shion,
,Birthday,こぼ・かなえる,Kobo Kanaeru,hBD24-014,P,,0,0,,,Kobo Kanaeru,
,Birthday,百鬼あやめ,Nakiri Ayame,hBD24-015,P,,0,0,,,Nakiri Ayame,
,Birthday,沙花叉クロヱ,Sakamata Chloe,hBD24-016,P,,0,0,,,Sakamata Chloe,
,Birthday,兎田ぺこら,Usada Pekora,hBD24-017,P,,0,0,,,Usada Pekora,
,Birthday,アユンダ・リス,Ayunda Risu,hBD24-018,P,,0,0,,,Ayunda Risu,02
,Birthday,尾丸ポルカ,Omaru Polka,hBD24-019,P,,0,0,,,Omaru Polka,
,Birthday,フワワ・アビスガード,Fuwawa Abyssgard,hBD24-020,P,,0,0,,,Fuwawa Abyssgard,
,Birthday,モココ・アビスガード,Mococo Abyssgard,hBD24-021,P,,0,0,,,Mococo Abyssgard,
,Birthday,儒烏風亭らでん,Juufuutei Raden,hBD24-022,P,,0,0,,,Juufuutei Raden,
,Birthday,癒月ちょこ,Yuzuki Choco,hBD24-023,P,,0,0,,,Yuzuki Choco,
,Birthday,ムーナ・ホシノヴァ,Moona Hoshinova,hBD24-024,P,,0,0,,,Moona Hoshinova,
,Birthday,アキ・ローゼンタール,Aki Rosenthal,hBD24-025,P,,0,0,,,Aki Rosenthal,
,Birthday,猫又おかゆ,Nekomata Okayu,hBD24-026,P,,0,0,,,Nekomata Okayu,
,Birthday,火威青,Hiodoshi Ao,hBD24-027,P,,0,0,,,Hiodoshi Ao,
,Birthday,ハコス・ベールズ,Hakos Baelz,hBD24-028,P,,0,0,,,Hakos Baelz,
,Birthday,さくらみこ,Sakura Miko,hBD24-029,P,,0,0,,,Sakura Miko,
,Birthday,アーニャ・メルフィッサ,Anya Melfissa,hBD24-030,P,,0,0,,,Anya Melfissa,
,Birthday,オーロ・クロニー,Ouro Kronii,hBD24-031,P,,0,0,,,Ouro Kronii,
,Birthday,博衣こより,Hakui Koyori,hBD24-032,P,,0,0,,,Hakui Koyori,
,Birthday,IRyS,IRyS,hBD24-033,P,,0,0,,,IRyS,
,Birthday,星街すいせい,Hoshimachi Suisei,hBD24-034,P,,0,0,,,Hoshimachi Suisei,
,Birthday,桃鈴ねね,Momosuzu Nene,hBD24-035,P,,0,0,,,Momosuzu Nene,
,Birthday,不知火フレア,Shiranui Flare,hBD24-036,P,,0,0,,,Shiranui Flare,
,Birthday,森カリオペ,Mori Calliope,hBD24-037,P,,0,0,,,Mori Calliope,
,Birthday,古石ビジュー,Koseki Bijou,hBD24-038,P,,0,0,,,Koseki Bijou,
,Birthday,音乃瀬奏,Otonose Kanade,hBD24-039,P,,0,0,,,Otonose Kanade,
,Birthday,天音かなた,Amane Kanata,hBD24-040,P,,0,0,,,Amane Kanata,
,Birthday,エリザベス・ローズ・ブラッドフレイム,Elizabeth Rose Bloodflame,hBD24-041,P,,0,0,,,Elizabeth Rose Bloodflame,
,Birthday,シオリ・ノヴェラ,Shiori Novella,hBD24-042,P,,0,0,,,Shiori Novella,
,Birthday,ラオーラ・パンテーラ,Raora Panthera,hBD24-043,P,,0,0,,,Raora Panthera,
,Birthday,一条莉々華,Ichijou Ririka,hBD24-044,P,,0,0,,,Ichijou Ririka,
,Birthday,ときのそら,Tokino Sora,hBD24-045,P,,0,0,,,Tokino Sora,
,Birthday,,,hBD24-046,P,,0,0,,,,
,Birthday,ロボ子さん,Roboco-san,hBD24-047,P,,0,0,,,Roboco-san,
,Birthday,ラプラス・ダークネス,La+ Darknesss,hBD24-048,P,,0,0,,,La+ Darknesss,
,Birthday,響咲リオナ,Isaki Riona,hBD24-049,P,,0,0,,,Isaki Riona,
,Birthday,角巻わため,Tsunomaki Watame,hBD24-050,P,,0,0,,,Tsunomaki Watame,
,Birthday,轟はじめ,Todoroki Hajime,hBD24-051,P,,0,0,,,Todoroki Hajime,
,Birthday,鷹嶺ルイ,Takane Lui,hBD24-052,P,,0,0,,,Takane Lui,
,Birthday,水宮枢,Mizumiya Su,hBD24-053,P,,0,0,,,Mizumiya Su,
,Birthday,風真いろは,Kazama Iroha,hBD24-054,P,,0,0,,,Kazama Iroha,
,Birthday,AZKi,AZKi,hBD24-055,P,,0,0,,,AZKi,
,Birthday,大空スバル,Oozora Subaru,hBD24-056,P,,0,0,,,Oozora Subaru,
,Birthday,小鳥遊キアラ,Takanashi Kiara,hBD24-057,P,,0,0,,,Takanashi Kiara,
,Birthday,輪堂千速,Rindo Chihaya,hBD24-058,P,,0,0,,,Rindo Chihaya,
,Birthday,アイラニ・イオフィフティーン,Airani Iofifteen,hBD24-059,P,,0,0,,,Airani Iofifteen,
,Birthday,虎金妃笑虎,Koganei Niko,hBD24-060,P,,0,0,,,Koganei Niko,
,Birthday,宝鐘マリン,Houshou Marine,hBD24-061,P,,0,0,,,Houshou Marine,
,Birthday,Tokoyami Towa,Tokoyami Towa,hBD24-062,P,,0,0,,,Tokoyami Towa,
,Birthday,赤井はあと,Akai Haato,hBD24-063,P,,0,0,,,Akai Haato,
,Birthday,大神ミオ,Ookami Mio,hBD24-064,P,,0,0,,,Ookami Mio,
,Birthday,綺々羅々ヴィヴィ,Kikirara Vivi,hBD24-065,P,,0,0,,,Kikirara Vivi,
,Birthday,カエラ・コヴァルスキア,Kaela Kovalskia,hBD24-066,P,,0,0,,,Kaela Kovalskia,
,Birthday,夏色まつり,Natsuiro Matsuri,hBD24-067,P,,0,0,,,Natsuiro Matsuri,
,,兎田ぺこら,Usada Pekora,hBP01-004,P,,0,1,,Green,Usada Pekora,
,,星街すいせい,Hoshimachi Suisei,hBP01-007,P,,0,1,,Blue,Hoshimachi Suisei,01
,,星街すいせい,Hoshimachi Suisei,hBP01-007,P,,0,1,,Blue,Hoshimachi Suisei,02
,,星街すいせい,Hoshimachi Suisei,hBP01-007,P,,0,1,,Blue,Hoshimachi Suisei,03
,,星街すいせい,Hoshimachi Suisei,hBP01-007,P,,0,1,,Blue,Hoshimachi Suisei,04
,,天音かなた,Amane Kanata,hBP01-009,P,1,0,1,,White,Amane Kanata,
,,天音かなた,Amane Kanata,hBP01-012,P,,0,1,,White,Amane Kanata,
,,天音かなた,Amane Kanata,hBP01-013,P,,0,1,,White,Amane Kanata,02
,,天音かなた,Amane Kanata,hBP01-013,P,,0,1,,White,Amane Kanata,03
,,七詩ムメイ,Nanashi Mumei,hBP01-015,P,1,0,1,,White,Nanashi Mumei,
,,七詩ムメイ,Nanashi Mumei,hBP01-019,P,1,0,1,,White,Nanashi Mumei,
,,七詩ムメイ,Nanashi Mumei,hBP01-020,P,,0,1,,White,Nanashi Mumei,
,,ときのそら,Tokino Sora,hBP01-021,P,1,0,1,,White,Tokino Sora,
,,ときのそら,Tokino Sora,hBP01-022,P,,0,1,,White,Tokino Sora,02
,,ときのそら,Tokino Sora,hBP01-022,P,,0,1,,White,Tokino Sora,
,,ベスティア・ゼータ,Vestia Zeta,hBP01-024,P,1,0,1,,White,Vestia Zeta,
,,ベスティア・ゼータ,Vestia Zeta,hBP01-026,P,1,0,1,,White,Vestia Zeta,
,,IRyS,IRyS,hBP01-028,P,1,0,1,,White,IRyS,
,,IRyS,IRyS,hBP01-030,P,,0,1,,White,IRyS,
,,IRyS,IRyS,hBP01-031,P,,0,1,,White,IRyS,
,,アキ・ローゼンタール,Aki Rosenthal,hBP01-032,P,1,0,1,,Green,Aki Rosenthal,
,,アキ・ローゼンタール,Aki Rosenthal,hBP01-035,P,,0,1,,Green,Aki Rosenthal,
,,アキ・ローゼンタール,Aki Rosenthal,hBP01-036,P,1,0,1,,Green,Aki Rosenthal,
,,アキ・ローゼンタール,Aki Rosenthal,hBP01-037,P,,0,1,,Green,Aki Rosenthal,
,,兎田ぺこら,Usada Pekora,hBP01-038,P,1,0,1,,Green,Usada Pekora,
,,兎田ぺこら,Usada Pekora,hBP01-039,P,,0,1,,Green,Usada Pekora,
,,兎田ぺこら,Usada Pekora,hBP01-041,P,,0,1,,Green,Usada Pekora,
,,兎田ぺこら,Usada Pekora,hBP01-042,P,,0,1,,Green,Usada Pekora,
,,AZKi,AZKi,hBP01-044,P,,0,1,,Green,AZKi,02
,,AZKi,AZKi,hBP01-044,P,,0,1,,Green,AZKi,
,,AZKi,AZKi,hBP01-046,P,,0,1,,Green,AZKi,
,,風真いろは,Kazama Iroha,hBP01-048,P,1,0,1,,Green,Kazama Iroha,
,,風真いろは,Kazama Iroha,hBP01-050,P,,0,1,,Green,Kazama Iroha,03
,,風真いろは,Kazama Iroha,hBP01-050,P,,0,1,,Green,Kazama Iroha,
,,アイラニ・イオフィフティーン,Airani Iofifteen,hBP01-052,P,1,0,1,,Green,Airani Iofifteen,
,,アイラニ・イオフィフティーン,Airani Iofifteen,hBP01-054,P,,0,1,,Green,Airani Iofifteen,
,,アイラニ・イオフィフティーン,Airani Iofifteen,hBP01-055,P,,0,1,,Green,Airani Iofifteen,
,,鷹嶺ルイ,Takane Lui,hBP01-056,P,1,0,1,,Red,Takane Lui,
,,鷹嶺ルイ,Takane Lui,hBP01-060,P,1,0,1,,Red,Takane Lui,
,,鷹嶺ルイ,Takane Lui,hBP01-061,P,,0,1,,Red,Takane Lui,
,,小鳥遊キアラ,Takanashi Kiara,hBP01-062,P,1,0,1,,Red,Takanashi Kiara,
,,小鳥遊キアラ,Takanashi Kiara,hBP01-065,P,,0,1,,Red,Takanashi Kiara,
,,小鳥遊キアラ,Takanashi Kiara,hBP01-066,P,1,0,1,,Red,Takanashi Kiara,
,,尾丸ポルカ,Omaru Polka,hBP01-068,P,1,0,1,,Red,Omaru Polka,
,,尾丸ポルカ,Omaru Polka,hBP01-070,P,,0,1,,Red,Omaru Polka,01
,,尾丸ポルカ,Omaru Polka,hBP01-070,P,,0,1,,Red,Omaru Polka,02
,,ハコス・ベールズ,Hakos Baelz,hBP01-072,P,1,0,1,,Red,Hakos Baelz,
,,ハコス・ベールズ,Hakos Baelz,hBP01-074,P,1,0,1,,Red,Hakos Baelz,
,,ハコス・ベールズ,Hakos Baelz,hBP01-075,P,,0,1,,Red,Hakos Baelz,
,,星街すいせい,Hoshimachi Suisei,hBP01-076,P,,0,1,,Blue,Hoshimachi Suisei,02
,,星街すいせい,Hoshimachi Suisei,hBP01-076,P,,0,1,,Blue,Hoshimachi Suisei,
,,星街すいせい,Hoshimachi Suisei,hBP01-077,P,,0,1,,Blue,Hoshimachi Suisei,
,,星街すいせい,Hoshimachi Suisei,hBP01-079,P,1,0,1,,Blue,Hoshimachi Suisei,
,,星街すいせい,Hoshimachi Suisei,hBP01-080,P,1,0,1,,Blue,Hoshimachi Suisei,
,,こぼ・かなえる,Kobo Kanaeru,hBP01-082,P,1,0,1,,Blue,Kobo Kanaeru,
,,こぼ・かなえる,Kobo Kanaeru,hBP01-086,P,1,0,1,,Blue,Kobo Kanaeru,
,,こぼ・かなえる,Kobo Kanaeru,hBP01-087,P,,0,1,,Blue,Kobo Kanaeru,
,,ムーナ・ホシノヴァ,Moona Hoshinova,hBP01-088,P,1,0,1,,Blue,Moona Hoshinova,
,,ムーナ・ホシノヴァ,Moona Hoshinova,hBP01-090,P,,0,1,,Blue,Moona Hoshinova,02
,,ムーナ・ホシノヴァ,Moona Hoshinova,hBP01-090,P,,0,1,,Blue,Moona Hoshinova,
,,オーロ・クロニー,Ouro Kronii,hBP01-092,P,1,0,1,,Blue,Ouro Kronii,
,,オーロ・クロニー,Ouro Kronii,hBP01-094,P,1,0,1,,Blue,Ouro Kronii,
,,オーロ・クロニー,Ouro Kronii,hBP01-095,P,,0,1,,Blue,Ouro Kronii,
,,アイドルマイク,Idol Microphone,hBP01-102,P,,0,1,,Support,,
,,ふつうのパソコン,Normal PC,hBP01-104,P,,0,1,,Support,Tokino Sora,02
,,ふつうのパソコン,Normal PC,hBP01-104,P,,0,1,,Support,Tokino Sora,03
,,ふつうのパソコン,Normal PC,hBP01-104,P,,0,1,,Support,Tokino Sora,04
,,ふつうのパソコン,Normal PC,hBP01-104,P,,0,1,,Support,Tokino Sora,05
,,ふつうのパソコン,Normal PC,hBP01-104,P,,0,1,,Support,Tokino Sora,06
,,ふつうのパソコン,Normal PC,hBP01-104,P,,0,1,,Support,Tokino Sora,07
,,ふつうのパソコン,Normal PC,hBP01-104,P,,0,1,,Support,Tokino Sora,
,,アンコール,Encore,hBP01-107,P,,0,1,,Support,,
,,じゃあ敵だね,"So, That Make You My Enemy",hBP01-108,P,,0,1,,Support,,01
,,じゃあ敵だね,"So, That Make You My Enemy",hBP01-108,P,,0,1,,Support,,
,,Promise,Promise,hBP01-113,P,,0,1,,Support,"Ceres Fauna, IRyS, Hakos Baelz, Ouro Kronii, Nanashi Mumei",
,,石の斧,Stone Axe,hBP01-114,P,,0,1,,Support,Aki Rosenthal,
,,星街すいせいのマイク,Hoshimachi Suisei's Microphone,hBP01-115,P,1,0,1,,Support,Hoshimachi Suisei,
,,座員,Troupe Member,hBP01-126,P,,0,1,,Support,Omaru Polka,02
,,白上フブキ,Shirakami Fubuki,hBP02-008,P,,0,1,,White,Shirakami Fubuki,02
,,白上フブキ,Shirakami Fubuki,hBP02-008,P,,0,1,,White,Shirakami Fubuki,
,,白上フブキ,Shirakami Fubuki,hBP02-009,P,,0,1,,White,Shirakami Fubuki,
,,白上フブキ,Shirakami Fubuki,hBP02-011,P,,0,1,,White,Shirakami Fubuki,02
,,白上フブキ,Shirakami Fubuki,hBP02-011,P,,0,1,,White,Shirakami Fubuki,03
,,白銀ノエル,Shirogane Noel,hBP02-014,P,1,0,1,,White,Shirogane Noel,
,,パヴォリア・レイネ,Pavolia Reine,hBP02-018,P,1,0,1,,Green,Pavolia Reine,
,,パヴォリア・レイネ,Pavolia Reine,hBP02-019,P,,0,1,,Green,Pavolia Reine,
,,大神ミオ,Ookami Mio,hBP02-024,P,,0,1,,Green,Ookami Mio,02
,,大神ミオ,Ookami Mio,hBP02-024,P,,0,1,,Green,Ookami Mio,
,,宝鐘マリン,Houshou Marine,hBP02-028,P,,0,1,,Red,Houshou Marine,02
,,宝鐘マリン,Houshou Marine,hBP02-028,P,,0,1,,Red,Houshou Marine,
,,宝鐘マリン,Houshou Marine,hBP02-029,P,,0,1,,Red,Houshou Marine,
,,宝鐘マリン,Houshou Marine,hBP02-032,P,,0,1,,Red,Houshou Marine,
,,沙花叉クロヱ,Sakamata Chloe,hBP02-035,P,1,0,1,,Blue,Sakamata Chloe,
,,紫咲シオン,Murasaki Shion,hBP02-042,P,,0,1,,Purple,Murasaki Shion,
,,紫咲シオン,Murasaki Shion,hBP02-043,P,,0,1,,Purple,Murasaki Shion,
,,紫咲シオン,Murasaki Shion,hBP02-047,P,,0,1,,Purple,Murasaki Shion,
,,クレイジー・オリー,Kureiji Ollie,hBP02-048,P,,0,1,,Purple,Kureiji Ollie,
,,森カリオペ,Mori Calliope,hBP02-054,P,,0,1,,Purple,Mori Calliope,03
,,森カリオペ,Mori Calliope,hBP02-054,P,,0,1,,Purple,Mori Calliope,
,,一伊那尓栖,Ninomae Ina'nis,hBP02-061,P,1,0,1,,Purple,Ninomae Ina'nis,
,,ネリッサ・レイヴンクロフト,Nerissa Ravencroft,hBP02-065,P,,0,1,,Purple,Nerissa Ravencroft,
,,ネリッサ・レイヴンクロフト,Nerissa Ravencroft,hBP02-067,P,,0,1,,Purple,Nerissa Ravencroft,
,,爆発の魔法,Explosion Magic,hBP02-079,P,,0,1,,Support,Murasaki Shion,
,,秘密結社holoX,holoX,hBP02-080,P,,0,1,,Support,"Takane Lui, La+ Darknesss, Kazama Iroha, Hakui Koyori, Sakamata Chloe",02
,,HOLOLIVE FANTASY,HOLOLIVE FANTASY,hBP02-085,P,,0,1,,Support,"Houshou Marine, Usada Pekora, Shiranui Flare, Shirogane Noel",02
,,戌神ころね,Inugami Korone,hBP03-006,P,,0,1,,Yellow,Inugami Korone,
,,姫森ルーナ,Himemori Luna,hBP03-009,P,1,0,1,,White,Himemori Luna,
,,姫森ルーナ,Himemori Luna,hBP03-014,P,1,0,1,,White,Himemori Luna,
,,獅白ぼたん,Shishiro Botan,hBP03-016,P,,0,1,,Green,Shishiro Botan,02
,,獅白ぼたん,Shishiro Botan,hBP03-016,P,,0,1,,Green,Shishiro Botan,
,,獅白ぼたん,Shishiro Botan,hBP03-020,P,,0,1,,Green,Shishiro Botan,02
,,獅白ぼたん,Shishiro Botan,hBP03-020,P,,0,1,,Green,Shishiro Botan,
,,さくらみこ,Sakura Miko,hBP03-025,P,,0,1,,Red,Sakura Miko,
,,さくらみこ,Sakura Miko,hBP03-026,P,,0,1,,Red,Sakura Miko,
,,さくらみこ,Sakura Miko,hBP03-030,P,,0,1,,Red,Sakura Miko,
,,赤井はあと,Akai Haato,hBP03-031,P,1,0,1,,Red,Akai Haato,
,,小鳥遊キアラ,Takanashi Kiara,hBP03-036,P,,0,1,,Red,Takanashi Kiara,
,,モココ・アビスガード,Mococo Abyssgard,hBP03-037,P,,0,1,,Red,Mococo Abyssgard,
,,モココ・アビスガード,Mococo Abyssgard,hBP03-038,P,,0,1,,Red,Mococo Abyssgard,
,,フワワ・アビスガード,Fuwawa Abyssgard,hBP03-040,P,,0,1,,Blue,Fuwawa Abyssgard,
,,火威青,Hiodoshi Ao,hBP03-046,P,,0,1,,Blue,Hiodoshi Ao,
,,フワモコ,FUWAMOCO,hBP03-050,P,,0,1,,"Blue,Red","Fuwawa Abyssgard, Mococo Abyssgard",03
,,常闇トワ,Tokoyami Towa,hBP03-051,P,,0,1,,Purple,Tokoyami Towa,02
,,常闇トワ,Tokoyami Towa,hBP03-051,P,,0,1,,Purple,Tokoyami Towa,
,,常闇トワ,Tokoyami Towa,hBP03-054,P,,0,1,,Purple,Tokoyami Towa,
,,ロボ子さん,Roboco-san,hBP03-057,P,,0,1,,Purple,Roboco-san,
,,ロボ子さん,Roboco-san,hBP03-059,P,,0,1,,Purple,Roboco-san,02
,,ロボ子さん,Roboco-san,hBP03-059,P,,0,1,,Purple,Roboco-san,
,,戌神ころね,Inugami Korone,hBP03-061,P,,0,1,,Yellow,Inugami Korone,
,,角巻わため,Tsunomaki Watame,hBP03-067,P,1,0,1,,Yellow,Tsunomaki Watame,
,,アユンダ・リス,Ayunda Risu,hBP03-073,P,,0,1,,Yellow,Ayunda Risu,
,,アユンダ・リス,Ayunda Risu,hBP03-076,P,,0,1,,Yellow,Ayunda Risu,
,,音乃瀬奏,Otonose Kanade,hBP03-080,P,1,0,1,,Yellow,Otonose Kanade,
,,凸待ち,Totsumachi,hBP03-088,P,,0,1,,Support,"Tokoyami Towa, La+ Darknesss",01
,,凸待ち,Totsumachi,hBP03-088,P,,0,1,,Support,"Tokoyami Towa, La+ Darknesss",02
,,凸待ち,Totsumachi,hBP03-088,P,,0,1,,Support,"Tokoyami Towa, La+ Darknesss",03
,,ホロライブ0期性,Hololive Gen 0,hBP03-092,P,,0,1,,Support,"Hoshimachi Suisei, AZKi, Tokino Sora, Sakura Miko, Roboco-san",
,,ホロライブ4期生,Hololive Gen 4,hBP03-093,P,,0,1,,Support,"Amane Kanata, Tsunomaki Watame, Tokoyami Towa, Himemori Luna",02
,,ルーナイト,Lu-knights,hBP03-105,P,,0,1,,Support,Himemori Luna,02
,,35P,35P,hBP03-107,P,1,0,1,,Support,Sakura Miko,
,,わためいと,Watamates,hBP03-112,P,,0,1,,Support,Tsunomaki Watame,02
,,儒烏風亭らでん,Juufuutei Raden,hBP04-002,P,,0,1,,Green,Juufuutei Raden,
,,一条莉々華,Ichijou Ririka,hBP04-003,P,1,0,1,,Red,Ichijou Ririka,
,,博衣こより,Hakui Koyori,hBP04-008,P,,0,1,,White,Hakui Koyori,
,,博衣こより,Hakui Koyori,hBP04-009,P,,0,1,,White,Hakui Koyori,02
,,博衣こより,Hakui Koyori,hBP04-012,P,,0,1,,White,Hakui Koyori,
,,博衣こより,Hakui Koyori,hBP04-013,P,,0,1,,White,Hakui Koyori,
,,ラオーラ・パンテーラ,Raora Panthera,hBP04-016,P,,0,1,,White,Raora Panthera,
,,儒烏風亭らでん,Juufuutei Raden,hBP04-020,P,,0,1,,Green,Juufuutei Raden,
,,セシリア・イマーグリーン,Cecilia Immergreen,hBP04-028,P,,0,1,,Green,Cecilia Immergreen,
,,一条莉々華,Ichijou Ririka,hBP04-032,P,,0,1,,Red,Ichijou Ririka,
,,カエラ・コヴァルスキア,Kaela Kovalskia,hBP04-039,P,,0,1,,Red,Kaela Kovalskia,
,,雪花ラミィ,Yukihana Lamy,hBP04-043,P,,0,1,,Blue,Yukihana Lamy,
,,雪花ラミィ,Yukihana Lamy,hBP04-044,P,,0,1,,Blue,Yukihana Lamy,
,,雪花ラミィ,Yukihana Lamy,hBP04-048,P,,0,1,,Blue,Yukihana Lamy,
,,シオリ・ノヴェラ,Shiori Novella,hBP04-050,P,1,0,1,,Blue,Shiori Novella,
,,ラプラス・ダークネス,La+ Darknesss,hBP04-054,P,,0,1,,Purple,La+ Darknesss,02
,,ラプラス・ダークネス,La+ Darknesss,hBP04-054,P,,0,1,,Purple,La+ Darknesss,
,,ラプラス・ダークネス,La+ Darknesss,hBP04-058,P,,0,1,,Purple,La+ Darknesss,
,,森カリオペ,Mori Calliope,hBP04-062,P,,0,1,,Purple,Mori Calliope,
,,古石ビジュー,Koseki Bijou,hBP04-063,P,1,0,1,,Purple,Koseki Bijou,
,,大空スバル,Oozora Subaru,hBP04-067,P,,0,1,,Yellow,Oozora Subaru,
,,大空スバル,Oozora Subaru,hBP04-068,P,,0,1,,Yellow,Oozora Subaru,
,,大空スバル,Oozora Subaru,hBP04-072,P,,0,1,,Yellow,Oozora Subaru,02
,,アーニャ・メルフィッサ,Anya Melfissa,hBP04-073,P,,0,1,,Yellow,Anya Melfissa,
,,アーニャ・メルフィッサ,Anya Melfissa,hBP04-074,P,,0,1,,Yellow,Anya Melfissa,02
,,アーニャ・メルフィッサ,Anya Melfissa,hBP04-074,P,,0,1,,Yellow,Anya Melfissa,
,,夏色まつり,Natsuiro Matsuri,hBP04-079,P,,0,1,,Yellow,Natsuiro Matsuri,
,,夏色まつり,Natsuiro Matsuri,hBP04-081,P,,0,1,,Yellow,Natsuiro Matsuri,
,,桃鈴ねね,Momosuzu Nene,hBP04-083,P,,0,1,,Yellow,Momosuzu Nene,02
,,桃鈴ねね,Momosuzu Nene,hBP04-083,P,,0,1,,Yellow,Momosuzu Nene,
,,白銀ノエル,Shirogane Noel,hBP05-009,P,,0,1,,White,Shirogane Noel,
,,白銀ノエル,Shirogane Noel,hBP05-010,P,,0,1,,White,Shirogane Noel,
,,白銀ノエル,Shirogane Noel,hBP05-011,P,,0,1,,White,Shirogane Noel,
,,兎田ぺこら,Usada Pekora,hBP05-014,P,,0,1,,White,Usada Pekora,
,,尾丸ポルカ,Omaru Polka,hBP05-031,P,,0,1,,Red,Omaru Polka,02
,,星街すいせい,Hoshimachi Suisei,hBP05-036,P,,0,1,,Red,Hoshimachi Suisei,
,,星街すいせい,Hoshimachi Suisei,hBP05-037,P,,0,1,,Red,Hoshimachi Suisei,
,,miComet,miComet,hBP05-040,P,1,0,1,,"Red,Blue","Sakura Miko, Hoshimachi Suisei",
,,猫又おかゆ,Nekomata Okayu,hBP05-044,P,,0,1,,Blue,Nekomata Okayu,
,,こぼ・かなえる,Kobo Kanaeru,hBP05-048,P,,0,1,,Blue,Kobo Kanaeru,
,,白上フブキ,Shirakami Fubuki,hBP05-068,P,,0,1,,Yellow,Shirakami Fubuki,
,,フレンドリーパソコン,Friendly PC,hBP05-074,P,,0,1,,Support,"Inugami Korone, Nekomata Okayu",02
,,フレンドリーパソコン,Friendly PC,hBP05-074,P,,0,1,,Support,"Inugami Korone, Nekomata Okayu",
,,牛丼,Gyudon,hBP05-075,P,1,0,1,,Support,Shirogane Noel,
,,み俺恥,,hBP05-079,P,,0,1,,Support,Sakura Miko,01
,,み俺恥,,hBP05-079,P,,0,1,,Support,Sakura Miko,02
,,SorAZセレブレーション,SorAZ Celebration,hBP05-080,P,,0,1,,Support,"Tokino Sora, AZKi",
,,ラオーラ・パンテーラ,Raora Panthera,hBP06-010,P,,0,1,,White,Raora Panthera,
,,響咲リオナ,Isaki Riona,hBP06-015,P,,0,1,,White,Isaki Riona,
,,響咲リオナ,Isaki Riona,hBP06-016,P,1,0,1,,White,Isaki Riona,
,,響咲リオナ,Isaki Riona,hBP06-018,P,,0,1,,White,Isaki Riona,
,,響咲リオナ,Isaki Riona,hBP06-020,P,,0,1,,White,Isaki Riona,02
,,風真いろは,Kazama Iroha,hBP06-022,P,,0,1,,Green,Kazama Iroha,
,,風真いろは,Kazama Iroha,hBP06-023,P,1,0,1,,Green,Kazama Iroha,
,,儒烏風亭らでん,Juufuutei Raden,hBP06-033,P,,0,1,,Green,Juufuutei Raden,
,,百鬼あやめ,Nakiri Ayame,hBP06-034,P,,0,1,,Red,Nakiri Ayame,
,,百鬼あやめ,Nakiri Ayame,hBP06-035,P,1,0,1,,Red,Nakiri Ayame,
,,百鬼あやめ,Nakiri Ayame,hBP06-039,P,,0,1,,Red,Nakiri Ayame,
,,ハコス・ベールズ,Hakos Baelz,hBP06-041,P,,0,1,,Red,Hakos Baelz,
,,ハコス・ベールズ,Hakos Baelz,hBP06-043,P,,0,1,,Red,Hakos Baelz,
,,ムーナ・ホシノヴァ,Moona Hoshinova,hBP06-049,P,1,0,1,,Blue,Moona Hoshinova,
,,森カリオペ,Mori Calliope,hBP06-057,P,,0,1,,Blue,Mori Calliope,
,,ロボ子さん,Roboco-san,hBP06-062,P,1,0,1,,Purple,Roboco-san,
,,戌神ころね,Inugami Korone,hBP06-067,P,,0,1,,Purple,Inugami Korone,
,,夏色まつり,Natsuiro Matsuri,hBP06-072,P,,0,1,,Yellow,Natsuiro Matsuri,
,,夏色まつり,Natsuiro Matsuri,hBP06-073,P,,0,1,,Yellow,Natsuiro Matsuri,
,,ブルームステージ,,hBP06-090,P,,0,1,,Support,Houshou Marine,
,,山田ルイ54世,,hBP06-093,P,1,0,1,,Support,"Takane Lui, La+ Darknesss, Hakui Koyori, Kazama Iroha",
,,IDENTIFY -AREA 15-,IDENTIFY -AREA 15-,hBP06-095,P,1,0,1,,Support,"Ayunda Risu, Moona Hoshinova, Airani Iofifteen",
,,2人あわせてラムダック！,,hBP06-096,P,,0,1,,Support,"Oozora Subaru, Tsunomaki Watame",
,,角巻わため,Tsunomaki Watame,hBP07-001,P,,0,1,,White,Tsunomaki Watame,
,,角巻わため,Tsunomaki Watame,hBP07-008,P,1,0,1,,White,Tsunomaki Watame,
,,角巻わため,Tsunomaki Watame,hBP07-009,P,,0,1,,White,Tsunomaki Watame,
,,角巻わため,Tsunomaki Watame,hBP07-010,P,,0,1,,White,Tsunomaki Watame,
,,ベスティア・ゼータ,Vestia Zeta,hBP07-019,P,,0,1,,White,Vestia Zeta,
,,大神ミオ,Ookami Mio,hBP07-023,P,,0,1,,Green,Ookami Mio,02
,,大神ミオ,Ookami Mio,hBP07-023,P,,0,1,,Green,Ookami Mio,
,,大神ミオ,Ookami Mio,hBP07-028,P,,0,1,,Green,Ookami Mio,
,,輪堂千速,Rindo Chihaya,hBP07-032,P,,0,1,,Green,Rindo Chihaya,
,,赤井はあと,Akai Haato,hBP07-036,P,,0,1,,Red,Akai Haato,
,,赤井はあと,Akai Haato,hBP07-037,P,,0,1,,Red,Akai Haato,
,,さくらみこ,Sakura Miko,hBP07-043,P,,0,1,,Red,Sakura Miko,01
,,さくらみこ,Sakura Miko,hBP07-043,P,,0,1,,Red,Sakura Miko,02
,,エリザベス・ローズ・ブラッドフレイム,Elizabeth Rose Bloodflame,hBP07-046,P,,0,1,,Red,Elizabeth Rose Bloodflame,
,,オーロ・クロニー,Ouro Kronii,hBP07-050,P,1,0,1,,Blue,Ouro Kronii,
,,オーロ・クロニー,Ouro Kronii,hBP07-055,P,,0,1,,Blue,Ouro Kronii,
,,シオリ・ノヴェラ,Shiori Novella,hBP07-059,P,1,0,1,,Blue,Shiori Novella,
,,AZKi,AZKi,hBP07-063,P,,0,1,,Purple,AZKi,
,,AZKi,AZKi,hBP07-067,P,,0,1,,Purple,AZKi,02
,,AZKi,AZKi,hBP07-067,P,,0,1,,Purple,AZKi,
,,AZKi,AZKi,hBP07-068,P,,0,1,,Purple,AZKi,
,,癒月ちょこ,Yuzuki Choco,hBP07-070,P,,0,1,,Purple,Yuzuki Choco,
,,ラプラス・ダークネス,La+ Darknesss,hBP07-071,P,,0,1,,Purple,La+ Darknesss,
,,ラプラス・ダークネス,La+ Darknesss,hBP07-073,P,,0,1,,Purple,La+ Darknesss,
,,桃鈴ねね,Momosuzu Nene,hBP07-077,P,,0,1,,Yellow,Momosuzu Nene,
,,桃鈴ねね,Momosuzu Nene,hBP07-081,P,,0,1,,Yellow,Momosuzu Nene,
,,虎金妃笑虎,Koganei Niko,hBP07-087,P,1,0,1,,Yellow,Koganei Niko,
,,ギリわるロボ,,hBP07-094,P,,0,1,,Support,Tsunomaki Watame,
,,時の支配者 -Promise-,,hBP07-097,P,,0,1,,Support,Ouro Kronii,
,,フロンティアスピリット,,hBP07-100,P,,0,1,,Support,AZKi,
,,鷹嶺ルイ,Takane Lui,hBP08-005,P,,0,1,,Purple,Takane Lui,
,,IRyS,IRyS,hBP08-008,P,,0,1,,White,IRyS,
,,IRyS,IRyS,hBP08-012,P,,0,1,,White,IRyS,
,,セシリア・イマーグリーン,Cecilia Immergreen,hBP08-021,P,,0,1,,Green,Cecilia Immergreen,
,,モココ・アビスガード,Mococo Abyssgard,hBP08-034,P,,0,1,,Red,Mococo Abyssgard,
,,小鳥遊キアラ,Takanashi Kiara,hBP08-041,P,,0,1,,Red,Takanashi Kiara,
,,水宮枢,Mizumiya Su,hBP08-047,P,,0,1,,Blue,Mizumiya Su,
,,水宮枢,Mizumiya Su,hBP08-049,P,,0,1,,Blue,Mizumiya Su,
,,水宮枢,Mizumiya Su,hBP08-053,P,,0,1,,Blue,Mizumiya Su,
,,フワワ・アビスガード,Fuwawa Abyssgard,hBP08-057,P,,0,1,,Blue,Fuwawa Abyssgard,
,,フワモコ,FUWAMOCO,hBP08-060,P,,0,1,,"Blue,Red","Fuwawa Abyssgard, Mococo Abyssgard",
,,鷹嶺ルイ,Takane Lui,hBP08-061,P,,0,1,,Purple,Takane Lui,
,,鷹嶺ルイ,Takane Lui,hBP08-063,P,,0,1,,Purple,Takane Lui,
,,一伊那尓栖,Ninomae Ina'nis,hBP08-068,P,,0,1,,Purple,Ninomae Ina'nis,
,,一伊那尓栖,Ninomae Ina'nis,hBP08-070,P,,0,1,,Purple,Ninomae Ina'nis,
,,音乃瀬奏,Otonose Kanade,hBP08-077,P,,0,1,,Yellow,Otonose Kanade,
,,音乃瀬奏,Otonose Kanade,hBP08-079,P,,0,1,,Yellow,Otonose Kanade,
,,不知火フレア,Shiranui Flare,hBP08-085,P,,0,1,,Yellow,Shiranui Flare,
,,思い出のドーナツショップ,,hBP08-092,P,,0,1,,Support,"Fuwawa Abyssgard, Mococo Abyssgard",
,,パパは仕事を辞める,,hBP08-094,P,,0,1,,Support,,
,,大空スバル,Oozora Subaru,hBP09-001,P,,0,1,,White,Oozora Subaru,
,,白銀ノエル,Shirogane Noel,hBP09-003,P,,0,1,,Green,Shirogane Noel,
,,雪花ラミィ,Yukihana Lamy,hBP09-007,P,,0,1,,Yellow,Yukihana Lamy,
,,大空スバル,Oozora Subaru,hBP09-008,P,,0,1,,White,Oozora Subaru,
,,大空スバル,Oozora Subaru,hBP09-010,P,,0,1,,White,Oozora Subaru,
,,白銀ノエル,Shirogane Noel,hBP09-025,P,,0,1,,Green,Shirogane Noel,
,,カエラ・コヴァルスキア,Kaela Kovalskia,hBP09-039,P,,0,1,,Red,Kaela Kovalskia,
,,ハコス・ベールズ,Hakos Baelz,hBP09-047,P,,0,1,,Red,Hakos Baelz,
,,綺々羅々ヴィヴィ,Kikirara Vivi,hBP09-065,P,,0,1,,Purple,Kikirara Vivi,
,,雪花ラミィ,Yukihana Lamy,hBP09-077,P,,0,1,,Yellow,Yukihana Lamy,
,,雪花ラミィ,Yukihana Lamy,hBP09-078,P,,0,1,,Yellow,Yukihana Lamy,
,,雪花ラミィ,Yukihana Lamy,hBP09-081,P,,0,1,,Yellow,Yukihana Lamy,
,,大空警察,Oozora Police,hBP09-094,P,,0,1,,Support,"Oozora Subaru, Hakos Baelz",02
,,大空警察,Oozora Police,hBP09-094,P,,0,1,,Support,"Oozora Subaru, Hakos Baelz",
,,BIG3,BIG3,hBP09-105,P,,0,1,,Support,"Yukihana Lamy, Oozora Subaru, Shirogane Noel",
,,宝鐘マリン,Houshou Marine,hEB01-012,P,,0,1,,Blue,Houshou Marine,
,,宝鐘マリン,Houshou Marine,hEB01-013,P,,0,1,,Blue,Houshou Marine,
,,さくらみこ,Sakura Miko,hPR-001,P,,0,0,,,Sakura Miko,
,,,,hPR-002,P,,0,0,,,,02
,,,,hPR-002,P,,0,0,,,,
,,ときのそら,Tokino Sora,hSD01-004,P,1,0,1,,,Tokino Sora,
,,ときのそら,Tokino Sora,hSD01-006,P,,0,1,,,Tokino Sora,
,,IRyS,IRyS,hSD01-007,P,1,0,1,,,IRyS,
,,AZKi,AZKi,hSD01-009,P,1,0,1,,,AZKi,
,,AZKi,AZKi,hSD01-011,P,,0,1,,,AZKi,
,,アイラニ・イオフィフティーン,Airani Iofifteen,hSD01-012,P,1,0,1,,,Airani Iofifteen,
,,,,hSD01-013,P,,0,1,,,,
,,春先のどか,,hSD01-016,P,,0,1,,Support,,02
,,春先のどか,,hSD01-016,P,,0,1,,Support,,
,,マネちゃん,Mane-chan,hSD01-017,P,1,0,1,,Support,Hoshimachi Suisei,
,,サブパソコン,Sub PC,hSD01-018,P,,0,1,,Support,,
,,百鬼あやめ,Nakiri Ayame,hSD02-002,P,1,0,1,,Red,Nakiri Ayame,
,,,,hSD02-004,P,,0,1,,,,
,,百鬼あやめ,Nakiri Ayame,hSD02-007,P,,0,1,,Red,Nakiri Ayame,02
,,百鬼あやめ,Nakiri Ayame,hSD02-007,P,,0,1,,Red,Nakiri Ayame,
,,,,hSD02-012,P,,0,1,,,,
,,ぽよ余,Poyoyo,hSD02-014,P,,0,1,,Support,Nakiri Ayame,
,,猫又おかゆ,Nekomata Okayu,hSD03-002,P,,0,1,,Blue,Nekomata Okayu,02
,,猫又おかゆ,Nekomata Okayu,hSD03-002,P,,0,1,,Blue,Nekomata Okayu,
,,猫又おかゆ,Nekomata Okayu,hSD03-003,P,,0,1,,,Nekomata Okayu,
,,猫又おかゆ,Nekomata Okayu,hSD03-007,P,,0,1,,Blue,Nekomata Okayu,
,,,,hSD03-013,P,,0,1,,,,
,,癒月ちょこ,Yuzuki Choco,hSD04-002,P,1,0,1,,Purple,Yuzuki Choco,
,,癒月ちょこ,Yuzuki Choco,hSD04-007,P,,0,1,,Purple,Yuzuki Choco,
,,轟はじめ,Todoroki Hajime,hSD05-002,P,,0,1,,White,Todoroki Hajime,
,,,,hSD05-011,P,,0,1,,,,
,,風真いろは,Kazama Iroha,hSD06-005,P,,0,1,,Green,Kazama Iroha,
,,風真いろは,Kazama Iroha,hSD06-006,P,1,0,1,,,Kazama Iroha,
,,博衣こより,Hakui Koyori,hSD06-008,P,,0,1,,,Hakui Koyori,
,,チャキ丸,Chakimaru,hSD06-011,P,,0,1,,Support,Kazama Iroha,
,,不知火フレア,Shiranui Flare,hSD07-002,P,,0,1,,Yellow,Shiranui Flare,
,,,,hSD07-014,P,,0,1,,,,
,,天音かなた,Amane Kanata,hSD08-002,P,,0,1,,,Amane Kanata,
,,天音かなた,Amane Kanata,hSD08-004,P,1,0,1,,,Amane Kanata,
,,姫森ルーナ,Himemori Luna,hSD08-005,P,,0,1,,,Himemori Luna,
,,Tokoyami Towa,Tokoyami Towa,hSD08-006,P,1,0,1,,,Tokoyami Towa,
,,角巻わため,Tsunomaki Watame,hSD08-007,P,,0,1,,Yellow,Tsunomaki Watame,
,,宝鐘マリン,Houshou Marine,hSD09-002,P,,0,1,,Red,Houshou Marine,
,,宝鐘マリン,Houshou Marine,hSD09-004,P,1,0,1,,,Houshou Marine,
,,白銀ノエル,Shirogane Noel,hSD09-005,P,,0,1,,,Shirogane Noel,
,,兎田ぺこら,Usada Pekora,hSD09-006,P,1,0,1,,,Usada Pekora,
,,不知火フレア,Shiranui Flare,hSD09-007,P,,0,1,,,Shiranui Flare,
,,輪堂千速,Rindo Chihaya,hSD10-002,P,1,0,1,,Green,Rindo Chihaya,
,,輪堂千速,Rindo Chihaya,hSD10-006,P,,0,1,,,Rindo Chihaya,
,,綺々羅々ヴィヴィ,Kikirara Vivi,hSD10-007,P,,0,1,,Purple,Kikirara Vivi,
,,綺々羅々ヴィヴィ,Kikirara Vivi,hSD10-009,P,,0,1,,,Kikirara Vivi,
,,響咲リオナ,Isaki Riona,hSD10-010,P,,0,1,,,Isaki Riona,
,,,,hSD10-011,P,,0,1,,,,01
,,,,hSD10-012,P,,0,1,,,,02
,,虎金妃笑虎,Koganei Niko,hSD11-002,P,,0,1,,Yellow,Koganei Niko,
,,虎金妃笑虎,Koganei Niko,hSD11-006,P,,0,1,,,Koganei Niko,
,,水宮枢,Mizumiya Su,hSD11-007,P,1,0,1,,Blue,Mizumiya Su,
,,水宮枢,Mizumiya Su,hSD11-008,P,1,0,1,,,Mizumiya Su,
,,水宮枢,Mizumiya Su,hSD11-009,P,,0,1,,,Mizumiya Su,
,,シオリ・ノヴェラ,Shiori Novella,hSD12-003,P,1,0,1,,,Shiori Novella,
,,シオリ・ノヴェラ,Shiori Novella,hSD12-007,P,,0,1,,,Shiori Novella,
,,古石ビジュー,Koseki Bijou,hSD12-008,P,,0,1,,,Koseki Bijou,
,,古石ビジュー,Koseki Bijou,hSD12-011,P,,0,1,,,Koseki Bijou,
,,モココ・アビスガード,Mococo Abyssgard,hSD12-013,P,,0,1,,,Mococo Abyssgard,
,,,,hSD12-014,P,,0,1,,,,
,,,,hSD12-015,P,,0,1,,,,01
,,エリザベス・ローズ・ブラッドフレイム,Elizabeth Rose Bloodflame,hSD13-003,P,1,0,1,,,Elizabeth Rose Bloodflame,
,,エリザベス・ローズ・ブラッドフレイム,Elizabeth Rose Bloodflame,hSD13-007,P,,0,1,,,Elizabeth Rose Bloodflame,
,,ジジ・ムリン,Gigi Murin,hSD13-008,P,,0,1,,,Gigi Murin,
,,ジジ・ムリン,Gigi Murin,hSD13-009,P,1,0,1,,,Gigi Murin,
,,ジジ・ムリン,Gigi Murin,hSD13-013,P,,0,1,,,Gigi Murin,
,,,,hSD14-004,P,,0,1,,,,
,,holoAN,holoAN,hSD14-010,P,,0,1,,Support,,02
,,holoAN,holoAN,hSD14-010,P,,0,1,,Support,,03
,,holoAN,holoAN,hSD14-010,P,,0,1,,Support,,
,,,,hSD15-004,P,,0,1,,,,
,,,,hSD16-004,P,,0,1,,,,
,,星街すいせい,Hoshimachi Suisei,hSD17-004,P,,0,1,,,Hoshimachi Suisei,
,,,,hSD17-010,P,,0,1,,,,01
,,森カリオペ,Mori Calliope,hSD18-004,P,,0,1,,,Mori Calliope,
,,大空スバル,Oozora Subaru,hSD19-004,P,,0,1,,,Oozora Subaru,
,,,,hY01-002,P,,0,1,,,,
,,白上フブキ,Shirakami Fubuki,hY01-005,P,,0,1,,,Shirakami Fubuki,
,,白エール,White Cheer,hY01-009,P,,0,1,,,White Cheer,
,,大神ミオ,Ookami Mio,hY02-004,P,,0,1,,,Ookami Mio,
,,緑エール,Green Cheer,hY02-007,P,,0,1,,,Green Cheer,
,,赤エール,Red Cheer,hY03-005,P,,0,1,,,Red Cheer,
,,赤エール,Red Cheer,hY03-006,P,,0,1,,,Red Cheer,
,,赤エール,Red Cheer,hY03-007,P,,0,1,,,Red Cheer,
,,赤エール,Red Cheer,hY03-008,P,,0,1,,,Red Cheer,
,,,,hY03-011,P,,0,1,,,,
,,赤エール,Red Cheer,hY03-012,P,,0,1,,,Red Cheer,
,,,,hY03-018,P,,0,1,,,,
,,猫又おかゆ,Nekomata Okayu,hY04-004,P,,0,1,,,Nekomata Okayu,
,,青エール,Blue Cheer,hY04-009,P,,0,1,,,Blue Cheer,
,,,,hY04-015,P,,0,1,,,,
,,紫エール,Purple Cheer,hY05-007,P,,0,1,,,Purple Cheer,
,,戌神ころね,Inugami Korone,hY06-003,P,,0,1,,,Inugami Korone,
,,黄エール,Yellow Cheer,hY06-006,P,,0,1,,,Yellow Cheer,
